City,Cloudiness,Country_code,Date,Humidity,Latitude,Longitude,Max_temp,Wind_speed
Ostrovnoy,48,RU,1553611610,89,68.05,39.51,-2.48,4.57
Boa Vista,75,BR,1553608800,43,2.82,-60.67,31.0,6.7
Pavilosta,0,LV,1553610000,80,56.89,21.19,4.0,4.1
Boende,32,CD,1553611614,79,-0.28,20.88,27.97,1.12
Shache,32,CN,1553611614,47,38.42,77.24,9.67,2.52
Clyde River,1,CA,1553608800,58,70.47,-68.59,-20.0,3.6
Sawtell,90,AU,1553611392,64,-30.38,153.1,24.0,6.7
Port Hueneme,40,US,1553611596,81,34.15,-119.2,12.22,2.1
Milkovo,20,BG,1553611086,48,41.53,24.68,17.0,3.6
Pangnirtung,75,CA,1553608800,60,66.15,-65.72,-14.0,1.5
Bartica,68,GY,1553611616,64,6.41,-58.62,28.97,1.52
Guarare,20,PA,1553608800,62,7.82,-80.28,29.0,3.1
Mataura,12,NZ,1553611204,73,-46.19,168.86,13.33,1.79
Vilhena,0,BR,1553608800,94,-12.74,-60.15,24.0,4.1
Busselton,88,AU,1553611539,31,-33.64,115.35,18.33,6.17
Ushuaia,75,AR,1553608800,76,-54.81,-68.31,10.0,2.6
Salalah,20,OM,1553608200,74,17.01,54.1,27.0,4.6
Chicama,90,PE,1553608800,93,-7.84,-79.15,19.0,4.1
Longkou,20,CN,1553611617,67,37.64,120.47,9.67,1.62
Constitucion,75,MX,1553611217,45,23.99,-104.67,15.56,1.97
North Platte,90,US,1553608380,100,41.12,-100.77,-1.0,3.47
Trabzon,0,TR,1553610000,66,41.01,39.72,9.0,2.6
Shimoda,24,JP,1553610787,81,34.7,138.93,5.0,3.07
Bridlington,40,GB,1553611586,50,54.08,-0.19,13.0,7.2
Vysokogornyy,8,RU,1553611619,70,50.1,139.13,-12.53,1.77
Anuradhapura,0,LK,1553611619,49,8.34,80.41,28.22,5.57
Sovetskaya Gavan,88,RU,1553611381,75,48.97,140.29,-4.33,7.52
Puerto Ayora,75,EC,1553611542,83,-0.74,-90.35,27.0,4.1
Klyuchi,0,RU,1553611619,80,52.25,79.17,0.32,4.67
Dunedin,88,NZ,1553611462,89,-45.87,170.5,15.0,1.34
Dodge City,1,US,1553611517,87,37.75,-100.02,10.0,3.6
Bismarck,90,US,1553611536,93,46.81,-100.78,0.56,6.7
Mahbubabad,20,IN,1553611620,58,17.62,80.02,28.62,1.22
Grootfontein,56,NA,1553611621,27,-19.56,18.1,30.42,1.62
Vaini,0,IN,1553611621,83,15.34,74.49,24.72,1.52
Bogorodskoye,0,RU,1553611621,69,52.37,140.44,-14.03,1.77
The Pas,1,CA,1553608800,79,53.82,-101.24,-3.0,2.1
Kui Buri,64,TH,1553611621,84,12.07,99.86,26.07,1.17
Dakar,0,SN,1553608800,50,14.69,-17.45,25.0,6.7
Vestmannaeyjar,40,IS,1553608800,80,63.44,-20.27,5.0,8.2
Sokoni,44,CD,1553611622,97,-12.89,28.78,21.17,1.32
Victoria,75,BN,1553608800,94,5.28,115.24,26.0,1.5
Carnarvon,32,ZA,1553611625,18,-30.97,22.13,24.87,2.07
Grand Gaube,75,MU,1553611447,79,-20.01,57.66,29.0,4.1
Beloha,8,MG,1553611625,51,-25.17,45.06,29.22,5.02
Ron Phibun,32,TH,1553611445,74,8.18,99.85,26.32,1.77
Kanjiza,0,RS,1553609700,30,46.06,20.05,13.0,3.6
Delvine,20,AL,1553611475,59,39.95,20.1,19.0,5.7
Korem,24,ET,1553611628,69,12.51,39.52,19.82,0.27
Qaanaaq,12,GL,1553611630,82,77.48,-69.36,-23.28,2.22
Poso,24,ID,1553611630,100,-1.4,120.75,26.22,0.37
Kurara,0,IN,1553611630,25,25.98,79.99,24.67,3.67
Chunskiy,0,RU,1553611630,69,56.08,99.63,-10.53,1.07
Chuy,56,UY,1553611631,91,-33.69,-53.46,20.52,6.87
Simbahan,24,PH,1553611631,97,6.3,120.58,27.82,4.57
Tuatapere,0,NZ,1553611204,73,-46.13,167.69,13.33,1.79
Port Macquarie,40,AU,1553611505,77,-31.43,152.91,21.67,2.1
Awjilah,0,LY,1553611632,31,29.14,21.3,22.82,7.07
Moyale,44,ET,1553611632,97,3.52,39.05,23.97,1.07
Haines Junction,88,CA,1553611632,93,60.75,-137.51,-3.38,0.97
Hermanus,56,ZA,1553611630,68,-34.42,19.24,26.11,5.81
Pawayan,0,IN,1553611632,45,28.07,80.1,24.82,4.22
Pozo Colorado,8,PY,1553611633,78,-23.49,-58.8,27.12,4.67
Nelson Bay,0,AU,1553611619,56,-32.72,152.14,21.67,5.7
Waraseoni,0,IN,1553611633,31,21.76,80.05,26.97,4.82
Alyangula,75,AU,1553608860,83,-13.85,136.42,27.0,2.6
Nizhniy Tagil,76,RU,1553611634,76,57.92,59.97,0.62,5.37
Fuyang,0,CN,1553611634,72,32.89,115.81,11.42,3.07
Salvacion,88,PH,1553610618,80,13.85,121.93,25.56,2.68
Alamor,90,EC,1553608800,88,-4.02,-80.02,32.0,1.5
Jiuquan,0,CN,1553611634,56,39.73,98.49,-4.13,2.67
Umea,0,SE,1553610000,34,63.83,20.26,3.0,3.6
Kodino,88,RU,1553611635,90,63.72,39.64,0.87,3.22
Iqaluit,90,CA,1553611321,64,63.75,-68.52,-17.78,5.7
Biltine,0,TD,1553611638,16,14.53,20.93,37.82,2.77
Hovd,75,NO,1553611502,55,63.83,10.7,4.0,2.6
Rawson,0,AR,1553611639,54,-43.3,-65.11,18.97,5.22
Saint-Philippe,1,CA,1553611634,44,45.36,-73.48,-1.67,1.5
Anadyr,75,RU,1553611346,86,64.73,177.51,1.0,18.0
Jaguarari,80,BR,1553611639,81,-10.26,-40.2,26.32,2.57
Manuk Mangkaw,0,PH,1553611640,98,4.8,119.85,28.27,5.02
Urengoy,56,RU,1553611640,87,65.96,78.37,-0.43,11.27
Novo Aripuana,44,BR,1553611508,78,-5.12,-60.38,29.52,1.27
Oussouye,0,SN,1553611640,78,12.49,-16.54,24.32,6.92
Kirakira,12,SB,1553611640,100,-10.46,161.92,28.67,4.12
Luderitz,0,NA,1553611640,80,-26.65,15.16,20.42,5.12
Gisborne,12,NZ,1553611208,73,-38.66,178.02,18.89,1.79
Tanete,68,ID,1553611641,99,-3.94,119.78,23.37,1.37
Vila Franca do Campo,20,PT,1553611614,67,37.72,-25.43,16.0,7.7
Lethem,0,GY,1553611641,41,3.38,-59.8,33.92,6.47
East London,0,ZA,1553608800,52,-33.02,27.91,21.0,3.1
Shalakusha,88,RU,1553611642,78,62.23,40.26,0.87,1.32
Khatanga,88,RU,1553611642,88,71.98,102.47,-2.83,5.72
Presidencia Roque Saenz Pena,68,AR,1553611389,63,-26.79,-60.44,20.32,7.92
Mogocha,0,RU,1553611642,49,53.73,119.76,-13.83,2.37
Temascalcingo,0,MX,1553611643,21,19.92,-100.0,14.07,1.52
Kosjeric,90,RS,1553610600,86,44.0,19.91,10.0,2.6
Payakumbuh,12,ID,1553611643,92,-0.23,100.63,23.27,0.97
Beaverlodge,75,CA,1553608800,92,55.21,-119.43,-2.0,2.6
Dombarovskiy,0,RU,1553611643,86,50.76,59.54,-1.78,2.82
Oum Hadjer,12,TD,1553611644,24,13.3,19.7,38.87,3.92
Lishui,32,CN,1553611644,90,28.45,119.91,8.72,0.87
San Andres,88,PH,1553611645,97,13.32,122.68,27.57,7.32
Bandarbeyla,8,SO,1553611645,100,9.49,50.81,27.02,4.37
Nagai,64,JP,1553611565,48,38.14,139.98,5.56,2.24
Kharovsk,56,RU,1553611645,92,59.95,40.21,1.47,3.37
Mikhaylovskoye,20,RU,1553608800,40,43.1,44.64,11.0,3.0
Aklavik,75,CA,1553608800,92,68.22,-135.01,-4.0,1.5
Egvekinot,88,RU,1553611646,90,66.32,-179.17,-2.43,6.82
Vernon,90,CA,1553611328,93,50.27,-119.27,6.0,3.1
San Rafael,32,AR,1553611378,50,-34.61,-68.33,15.37,2.22
Hilo,20,US,1553611645,72,19.71,-155.08,17.78,2.6
Tonneins,0,FR,1553611357,31,44.39,0.31,16.0,6.2
Codrington,75,AU,1553611427,88,-28.95,153.24,25.0,4.1
Mahebourg,75,MU,1553611447,79,-20.41,57.7,29.0,4.1
Pawai,0,IN,1553611650,29,24.27,80.17,25.22,3.87
Santa Maria,20,BR,1553608800,64,-29.69,-53.81,21.0,2.6
Tateyama,24,JP,1553611641,62,36.66,137.31,8.33,0.97
Broome,75,GB,1553611628,57,52.47,1.45,12.22,3.6
Aventura,1,US,1553611459,64,25.96,-80.14,26.67,3.6
Ubinskoye,0,RU,1553611654,83,55.31,79.68,-2.53,4.67
Xining,32,CN,1553611654,41,36.62,101.77,0.97,3.02
Los Llanos de Aridane,20,ES,1553611594,68,28.66,-17.92,21.0,11.3
Ewa Beach,75,US,1553611612,77,21.32,-158.01,22.0,2.1
Angouleme,0,FR,1553611629,43,45.65,0.15,15.0,7.7
Corralillo,32,CU,1553611655,98,22.98,-80.59,24.82,2.87
Korablino,0,RU,1553611655,92,53.92,40.02,1.32,4.02
Qinhuangdao,8,CN,1553611655,70,39.94,119.59,-1.73,1.07
Krasnoyarskiy,0,RU,1553611655,85,51.97,59.9,-1.88,3.47
Mosquera,40,CO,1553608800,55,4.71,-74.23,17.0,3.6
Lyngseidet,75,NO,1553610000,98,69.58,20.21,0.0,8.2
Tessalit,0,ML,1553611656,24,20.2,1.01,34.87,2.82
Geraldton,75,CA,1553608800,34,49.72,-86.95,-6.0,2.6
Sun Valley,40,US,1553611548,74,43.7,-114.35,1.0,4.6
Narsaq,75,GL,1553608200,44,60.91,-46.05,-6.0,7.2
Emba,20,CY,1553611564,52,34.81,32.42,18.0,2.1
Port Alfred,24,ZA,1553611657,80,-33.59,26.89,20.77,3.02
Nikolskoye,90,RU,1553611535,92,59.7,30.79,1.11,6.0
Evensk,64,RU,1553611658,100,61.92,159.24,-9.93,7.42
Reconquista,68,AR,1553611658,82,-29.14,-59.64,19.22,3.22
Allonnes,0,FR,1553611626,37,47.97,0.16,15.0,4.6
Sturgeon Falls,5,CA,1553611216,48,46.36,-79.93,-2.22,3.6
Cape Town,0,ZA,1553611326,56,-33.93,18.42,26.11,7.2
Fortuna,75,ES,1553611649,52,38.18,-1.13,18.0,8.2
Esperance,40,TT,1553611560,62,10.24,-61.45,30.0,5.7
Dali,0,CN,1553611662,62,25.6,100.24,14.22,2.07
Chaoyang,0,CN,1553611663,29,41.58,120.44,4.12,3.92
Coihaique,0,CL,1553609820,93,-45.58,-72.07,9.0,3.6
Chifeng,20,CN,1553611663,34,42.27,118.96,0.67,2.27
Kuala Kedah,75,MY,1553608800,84,6.11,100.29,30.0,1.0
Gold Coast,92,AU,1553611384,94,-28.0,153.41,25.0,2.1
Danilov,40,RU,1553608800,92,58.19,40.17,3.0,2.0
Bethel,1,US,1553608560,100,60.79,-161.76,0.0,4.1
Waingapu,36,ID,1553611664,100,-9.65,120.26,22.72,0.97
Umm Lajj,0,SA,1553611664,74,25.02,37.27,21.52,5.02
High Point,90,US,1553611630,76,35.96,-80.01,10.56,3.1
Palana,88,RU,1553611665,78,59.08,159.95,-8.13,3.62
Hasaki,0,JP,1553610278,61,35.73,140.83,10.56,3.6
Upernavik,56,GL,1553611666,100,72.79,-56.15,-13.23,5.17
La Palma,56,CO,1553611666,89,5.36,-74.39,22.67,0.52
Pandan Niog,0,PH,1553611666,97,6.23,120.56,27.77,4.27
Morag,76,PL,1553611543,65,53.92,19.93,7.78,4.02
Avenal,1,US,1553611654,75,36.0,-120.13,11.11,2.6
Barrow,0,AR,1553611667,76,-38.31,-60.23,16.32,2.87
Resistencia,0,AR,1553608800,56,-27.45,-58.99,23.0,7.2
San Pedro,80,AR,1553611565,50,-33.68,-59.66,19.44,2.68
The Valley,40,AI,1553610683,69,18.22,-63.06,27.78,8.2
Veinticinco de Mayo,8,AR,1553611670,70,-27.38,-54.75,23.07,2.47
Uniontown,1,US,1553611485,46,39.9,-79.72,3.89,2.1
Fort Nelson,75,CA,1553608800,74,58.81,-122.69,-1.0,2.1
Porto Novo,20,BR,1553608800,57,-23.68,-45.44,27.0,2.6
Russell,40,AR,1553608800,59,-33.01,-68.8,16.0,2.6
Kiruna,0,SE,1553610000,50,67.86,20.23,-2.0,1.5
Sao Joao da Barra,0,BR,1553611674,99,-21.64,-41.05,27.47,6.12
Benghazi,0,LY,1553611674,95,32.12,20.07,17.17,6.37
Bredasdorp,40,ZA,1553611630,60,-34.53,20.04,23.0,10.3
San Quintin,0,PH,1553611675,80,17.54,120.52,19.32,1.07
Chabahar,76,IR,1553611675,89,25.29,60.65,24.57,4.52
Northam,20,GB,1553611628,50,51.04,-4.21,15.56,4.6
Cidreira,20,BR,1553611675,82,-30.17,-50.22,22.82,2.97
Solnechnyy,20,RU,1553611676,75,50.72,136.64,-12.63,2.17
Paitan,75,CN,1553611675,78,23.49,113.78,23.33,1.0
Tshikapa,8,CD,1553611676,61,-6.42,20.79,30.67,1.22
Verkhnyaya Khava,75,RU,1553608800,87,51.84,39.93,7.0,3.0
Burriana,0,ES,1553611447,52,39.89,-0.08,18.33,5.7
Mombasa,40,KE,1553608800,66,-4.05,39.67,31.0,4.6
Montanha,0,BR,1553611598,67,-18.13,-40.37,31.07,2.87
Palu,56,ID,1553611677,94,-0.9,119.87,20.32,0.77
Faya,40,SA,1553608800,72,18.39,42.45,20.0,9.3
Ergani,40,TR,1553610000,58,38.27,39.76,14.0,1.0
Yellowknife,20,CA,1553611324,85,62.45,-114.38,-6.0,3.1
Tolaga Bay,12,NZ,1553611678,75,-38.37,178.3,18.17,5.47
Kaitangata,88,NZ,1553611678,57,-46.28,169.85,13.72,3.12
Namatanai,56,PG,1553611678,100,-3.66,152.44,27.12,5.42
Aranos,0,NA,1553611678,14,-24.14,19.11,34.57,2.07
Nacala,40,MZ,1553608800,74,-14.56,40.69,29.0,5.7
Witu,1,KE,1553608560,70,-2.39,40.44,30.0,4.1
Mayo,20,CA,1553608800,92,63.59,-135.9,-4.0,1.5
Tres Arroyos,0,AR,1553611679,76,-38.38,-60.28,16.32,2.87
Cabra,0,ES,1553611546,16,37.47,-4.43,27.78,3.6
Tecoanapa,5,MX,1553607900,78,16.99,-99.26,25.0,1.62
Mecca,0,SA,1553611415,21,21.43,39.83,25.87,3.92
Jitauna,64,BR,1553611680,82,-14.02,-39.89,28.32,1.87
Taybad,92,IR,1553611680,74,34.74,60.78,17.37,6.62
Norman Wells,75,CA,1553608800,88,65.28,-126.83,0.0,5.7
Ampanihy,20,MG,1553611681,64,-24.69,44.75,28.07,3.27
Whitley Bay,75,GB,1553611595,57,55.04,-1.44,11.11,6.7
Gobabis,76,NA,1553611683,40,-22.45,18.97,27.87,3.77
Carutapera,100,BR,1553611683,95,-1.2,-46.02,26.22,1.72
Sobinka,20,RU,1553611684,87,55.99,40.02,3.02,3.32
Zhigansk,0,RU,1553611684,59,66.77,123.37,-21.53,2.67
Viransehir,0,TR,1553611684,92,37.24,39.76,12.07,1.42
Torbay,90,CA,1553611620,42,47.66,-52.73,-1.67,4.6
Cape Coast,0,GH,1553611684,53,5.11,-1.24,33.32,3.32
Koumac,0,NC,1553611685,87,-20.56,164.28,24.92,3.77
Redmond,90,US,1553611606,99,47.67,-122.12,7.22,1.5
Fecamp,0,FR,1553611573,76,49.76,0.37,13.33,3.1
Bubaque,0,GW,1553611685,87,11.28,-15.83,27.97,3.12
Lima,90,PE,1553611335,78,-12.06,-77.04,23.33,1.17
Hay River,75,CA,1553608800,95,60.82,-115.79,0.0,2.6
Am Timan,32,TD,1553611688,21,11.04,20.28,38.82,1.77
Channel-Port aux Basques,0,CA,1553611688,100,47.57,-59.14,-3.93,7.82
Moron,0,VE,1553611688,62,10.49,-68.2,26.47,1.52
Jalu,0,LY,1553611689,28,29.03,21.55,23.82,6.72
Ilulissat,75,GL,1553608200,78,69.22,-51.1,-10.0,5.7
Guerrero Negro,68,MX,1553611691,98,27.97,-114.04,14.32,2.32
Viedma,0,AR,1553611678,59,-40.81,-62.99,17.72,2.92
Mocuba,0,MZ,1553611692,54,-16.84,36.99,30.57,3.12
Severodvinsk,75,RU,1553608800,91,64.56,39.82,1.0,3.0
Jiaonan,0,CN,1553608800,48,35.88,119.98,16.0,3.0
Rikitea,44,PF,1553611692,99,-23.12,-134.97,26.07,2.67
Isla Vista,1,US,1553611624,93,34.41,-119.86,11.11,5.97
Hamilton,20,CA,1553611683,85,43.26,-79.87,3.33,4.1
Byron Bay,75,AU,1553611427,83,-28.65,153.62,25.0,6.7
Pemba,12,MZ,1553611694,100,-12.97,40.52,28.72,1.07
Dingle,68,PH,1553611695,88,11.0,122.67,24.87,5.57
Davila,0,PH,1553611695,87,18.47,120.58,26.37,10.42
Honiara,8,SB,1553611695,100,-9.43,159.96,22.32,1.07
Akropong,20,GH,1553608800,59,5.97,-0.09,32.0,4.6
Uvalde,75,US,1553611353,63,29.21,-99.79,19.44,7.2
Saint-Francois,0,FR,1553611506,40,46.42,3.91,13.0,6.2
Nhulunbuy,75,AU,1553609880,94,-12.18,136.78,26.0,5.77
Port Elizabeth,1,US,1553611695,27,39.31,-74.98,6.67,6.2
Dikson,88,RU,1553611696,96,73.51,80.55,-3.63,8.32
Orangeville,1,CA,1553611432,42,43.92,-80.1,2.78,1.5
Petropavlovsk-Kamchatskiy,20,RU,1553608800,49,53.05,158.65,-3.0,6.0
Esmeraldas,40,BR,1553608800,48,-19.76,-44.31,29.0,4.1
Parana,75,BR,1553608800,88,-7.52,-72.89,27.0,1.67
Hollins,90,US,1553611685,93,37.35,-79.95,8.33,2.6
Yoichi,88,JP,1553611212,40,43.19,140.77,1.11,8.17
Lumut,68,ID,1553611698,96,-8.46,120.34,23.67,1.32
Abilene,1,US,1553611395,71,32.45,-99.73,12.78,1.5
Semey,0,KZ,1553611698,86,50.41,80.25,-2.83,2.42
Isangel,68,VU,1553611698,100,-19.55,169.27,26.22,7.42
Karasburg,0,NA,1553611699,15,-28.01,18.75,33.57,2.57
Mount Isa,90,AU,1553608800,100,-20.73,139.49,23.0,5.1
Nanortalik,76,GL,1553611699,100,60.14,-45.24,-4.43,3.27
Woodward,40,US,1553610702,87,36.43,-99.39,8.33,3.17
Rio Claro,20,BR,1553611643,39,-22.41,-47.56,36.11,2.32
Provideniya,88,RU,1553611700,93,64.42,-173.23,0.37,14.47
Angoche,8,MZ,1553611510,100,-16.23,39.91,28.07,5.92
Nuevo Laredo,90,US,1553611503,59,27.49,-99.5,21.0,7.7
Kiunga,80,PG,1553611700,92,-6.12,141.3,23.97,0.87
Tarko-Sale,32,RU,1553611679,71,64.92,77.78,0.56,10.27
Sitka,0,US,1553611593,93,37.17,-99.65,8.89,3.58
Barbastro,0,ES,1553611556,25,42.04,0.13,19.44,5.1
Sebastian,40,US,1553611689,77,27.82,-80.47,24.44,4.1
Bageshwar,0,IN,1553611703,72,29.85,79.77,2.72,1.42
Vanimo,48,PG,1553611704,100,-2.67,141.3,27.17,4.42
El Triunfo,20,HN,1553608800,61,13.12,-86.99,27.0,4.37
Burnie,0,AU,1553611684,89,-41.05,145.91,8.89,0.45
Fernandez,88,PH,1553611704,97,11.38,122.76,25.37,5.37
Bang Len,20,TH,1553611522,74,14.02,100.17,31.67,4.1
Jamestown,0,AU,1553611462,85,-33.21,138.6,7.37,1.92
Lerwick,75,GB,1553610000,93,60.15,-1.15,10.0,11.8
Sur,0,OM,1553611614,68,22.57,59.53,27.87,6.72
Luena,36,AO,1553611705,79,-11.78,19.91,23.82,1.97
Yaan,0,NG,1553611706,35,7.38,8.57,37.82,1.77
Khanu Woralaksaburi,56,TH,1553611706,91,16.06,99.86,23.22,2.52
Ayan,0,TR,1553611706,31,40.67,33.6,11.97,0.47
Addanki,0,IN,1553611706,67,15.81,79.97,27.57,3.57
Butaritari,88,KI,1553611706,100,3.07,172.79,28.47,7.17
Zharkent,0,KZ,1553611707,72,44.17,80.0,-2.33,1.07
Bluff,88,AU,1553611707,66,-23.58,149.07,26.27,3.37
Port Hardy,90,CA,1553608800,93,50.7,-127.42,6.0,2.6
Mitsukaido,20,JP,1553611498,46,36.02,139.98,13.33,2.6
Pankrushikha,0,RU,1553611707,80,53.83,80.35,-3.18,4.37
Lebu,40,ET,1553608800,15,8.96,38.73,28.0,6.2
Rosarito,40,CO,1553608800,68,4.91,-75.23,24.0,1.0
Coquimbo,90,CL,1553608800,82,-29.95,-71.34,14.0,1.77
Yendi,20,GH,1553611708,32,9.45,0.0,38.97,2.07
Margate,20,AU,1553611696,62,-43.03,147.26,11.11,3.6
Taua,40,SL,1553608800,58,8.79,-12.72,31.0,4.1
Wieliczka,40,PL,1553611690,45,49.98,20.06,9.44,10.3
Inta,88,RU,1553611709,97,66.04,60.13,0.47,1.92
Olmos,0,PE,1553611709,72,-5.99,-79.75,26.47,1.57
Manaus,40,BR,1553608800,78,-3.13,-59.98,29.0,4.6
Portobelo,40,PA,1553610836,55,9.55,-79.65,30.0,6.2
Orlik,0,RU,1553611710,65,52.51,99.83,-18.78,0.97
Adrar,40,DZ,1553609040,33,27.87,-0.29,31.0,14.4
Dori,8,BF,1553611711,21,14.03,-0.03,38.37,3.47
Uyskoye,0,RU,1553611711,86,54.37,60.01,-2.53,3.62
Bambous Virieux,75,MU,1553611447,79,-20.34,57.76,29.0,4.1
Kamennomostskiy,0,RU,1553611711,48,44.29,40.18,9.92,1.02
Florence,1,US,1553611706,57,34.8,-87.68,11.11,5.1
Labuhan,44,ID,1553611712,93,-2.54,115.51,23.82,0.97
Nizhniy Ufaley,48,RU,1553611712,71,55.91,59.99,-0.58,5.12
Kirkland Lake,1,CA,1553608800,37,48.15,-80.03,-6.0,2.6
Ruteng,68,ID,1553611713,96,-8.61,120.46,23.67,1.32
Severo-Kurilsk,64,RU,1553611713,100,50.68,156.12,-2.93,6.32
Mar del Plata,0,AR,1553611713,63,-46.43,-67.52,17.02,1.62
Puerto Escondido,5,MX,1553607660,73,15.86,-97.07,24.0,2.6
Hailar,0,CN,1553611513,39,49.2,119.7,-12.63,3.42
Raudeberg,75,NO,1553611504,93,61.99,5.14,5.0,7.7
Laguna,75,MX,1553607780,62,27.52,-110.01,11.0,0.52
Poum,40,MK,1553610600,28,41.28,20.71,15.0,6.2
Nayudupeta,8,IN,1553608800,46,13.91,79.9,32.0,2.1
Leh,36,IN,1553611715,58,34.16,77.58,-20.83,0.52
Devils Lake,90,US,1553609700,89,48.11,-98.87,0.0,5.1
Matranovak,0,HU,1553611684,20,48.04,19.98,12.78,4.02
Padang,75,ID,1553608800,94,-0.92,100.36,26.0,2.6
Mabaruma,0,GY,1553611716,60,8.2,-59.78,30.57,3.27
Makakilo City,75,US,1553611612,77,21.35,-158.09,22.0,2.1
Mnogovershinnyy,48,RU,1553611717,70,53.94,139.92,-10.83,1.97
Abu Kamal,20,SY,1553611717,68,34.45,40.92,14.07,4.22
Rantauprapat,56,ID,1553611717,91,2.1,99.83,23.72,0.92
Tuktoyaktuk,90,CA,1553608800,92,69.44,-133.03,-7.0,5.7
Rongcheng,8,CN,1553611535,81,37.16,122.42,11.11,5.72
Tazovskiy,24,RU,1553611718,89,67.47,78.7,-1.13,10.77
Chiang Rai,8,TH,1553611049,78,19.9,99.84,30.56,1.0
Kodinsk,24,RU,1553611718,77,58.6,99.18,-7.38,1.22
Galle,1,US,1553611706,63,29.74,-97.91,17.78,4.1
Sidi Ali,92,DZ,1553611719,65,36.1,0.42,17.67,6.02
Antofagasta,0,CL,1553608800,64,-23.65,-70.4,20.0,3.1
Serra,0,BR,1553609992,70,-20.13,-40.31,29.0,6.2
Te Anau,56,NZ,1553611720,86,-45.41,167.72,10.57,5.02
Kaka,92,TM,1553611720,100,37.35,59.62,6.77,1.42
Tarakan,32,ID,1553611720,98,3.3,117.63,26.97,1.37
Richards Bay,92,ZA,1553611720,92,-28.77,32.06,21.27,4.47
Robe,20,ET,1553611721,82,7.12,40.01,17.72,2.12
Bosobolo,12,CD,1553611721,85,4.19,19.88,26.57,3.47
Peachland,90,CA,1553611328,93,49.77,-119.75,7.0,3.1
Simao,36,CN,1553611724,47,22.76,100.79,20.37,1.57
Lucapa,0,AO,1553611724,60,-8.42,20.74,28.57,2.92
Mount Gambier,90,AU,1553608800,93,-37.83,140.78,10.0,1.07
Ajdabiya,0,LY,1553611725,37,30.75,20.22,20.37,5.92
Panzhihua,0,CN,1553611725,26,26.59,101.72,18.82,2.57
Valvedditturai,0,LK,1553611725,96,9.82,80.17,28.17,5.02
Punta Arenas,75,CL,1553611346,66,-53.16,-70.91,11.0,15.9
Rocha,44,UY,1553611726,74,-34.48,-54.34,19.77,5.42
Zhangye,0,CN,1553611726,61,38.94,100.46,1.32,2.72
Svetlaya,88,RU,1553611726,96,46.54,138.33,-1.13,4.67
Khani,0,GE,1553608800,58,41.96,42.96,13.0,8.2
Hazorasp,90,UZ,1553608800,87,41.32,61.08,9.0,5.1
Ouricuri,56,BR,1553611727,100,-7.88,-40.08,24.82,2.37
Brandon,90,US,1553611408,99,43.59,-96.57,2.22,2.6
Cap Malheureux,75,MU,1553611447,79,-19.98,57.61,29.0,4.1
Tulun,0,RU,1553611728,66,54.56,100.58,-11.33,0.57
Airai,44,TL,1553611728,91,-8.93,125.41,21.22,0.32
Chimbote,8,PE,1553611728,82,-9.08,-78.59,22.22,1.92
Weligama,12,LK,1553611728,85,5.97,80.42,28.22,3.12
Cochrane,0,CL,1553608800,61,-47.25,-72.57,10.0,2.6
Itarantim,32,BR,1553611495,81,-15.65,-40.06,28.57,2.22
Waipawa,36,NZ,1553610557,58,-39.94,176.59,19.44,5.36
Lixourion,40,GR,1553611577,68,38.2,20.43,19.0,2.6
Souillac,0,FR,1553611629,38,45.6,-0.6,15.0,7.7
Tura,80,IN,1553611730,92,25.52,90.21,18.07,2.07
Portland,1,US,1553611626,93,45.52,-122.67,5.56,2.1
Aripuana,44,BR,1553611730,79,-9.17,-60.63,29.52,1.32
Saint George,20,GR,1553611407,52,39.45,22.34,19.0,2.6
Cayenne,90,GF,1553608800,62,4.94,-52.33,30.0,5.7
Ust-Nera,56,RU,1553611731,33,64.57,143.24,-24.48,1.27
Nouadhibou,40,MR,1553608800,60,20.93,-17.03,22.0,6.2
Wajir,40,KE,1553608800,27,1.75,40.07,39.0,5.1
Lexington,1,US,1553611685,59,38.05,-84.5,5.0,4.6
Scarborough,20,GB,1553611514,57,54.28,-0.41,13.0,3.6
Kargasok,0,RU,1553611732,78,59.06,80.87,0.72,3.57
Takoradi,0,GH,1553611732,92,4.89,-1.75,29.22,3.72
Pisco,20,PE,1553608800,30,-13.71,-76.2,22.0,2.6
Erie,1,US,1553611581,50,42.13,-80.09,1.67,4.6
Cabo San Lucas,5,MX,1553611540,27,22.89,-109.91,20.56,4.1
Osmena,92,PH,1553611733,98,12.17,124.59,24.62,3.47
Pierre,90,US,1553611399,100,44.37,-100.35,3.33,5.7
Almaznyy,0,RU,1553608800,49,48.03,40.04,13.0,5.0
Dauphin,90,CA,1553608800,85,51.15,-100.04,2.0,9.3
Grandview,75,US,1553612100,61,38.89,-94.53,9.44,3.6
Doctor Arroyo,80,MX,1553611441,90,23.67,-100.18,13.97,1.67
Dongkan,20,CN,1553611682,69,34.0,119.83,12.72,4.77
Turayf,20,SA,1553608800,44,31.68,38.65,15.0,6.2
Longyearbyen,40,NO,1553610000,72,78.22,15.63,-11.0,2.1
Nerchinskiy Zavod,0,RU,1553611736,61,51.31,119.61,-16.33,1.07
Dawson Creek,1,CA,1553608800,92,55.76,-120.23,-3.0,1.17
Christchurch,92,NZ,1553611526,68,-43.53,172.64,21.67,2.1
Marin,20,RO,1553610600,37,47.13,22.81,11.11,5.1
Baixa Grande,88,BR,1553611737,83,-11.96,-40.17,26.27,1.67
Winneba,20,GH,1553608800,59,5.35,-0.62,32.0,4.6
Fushe-Arrez,76,AL,1553611737,43,42.06,20.02,11.87,4.27
Tenno,20,IT,1553611725,19,45.92,10.83,17.78,3.1
Den Chai,88,TH,1553611509,47,17.98,100.06,31.67,1.17
Skjervoy,75,NO,1553608200,100,70.03,20.97,0.0,1.0
Saldanha,0,PT,1553611738,25,41.42,-6.55,18.07,7.62
Lindi,56,TZ,1553611738,86,-10.0,39.71,26.72,1.02
Port Hawkesbury,1,CA,1553611636,36,45.62,-61.36,2.22,5.1
Saskylakh,88,RU,1553611739,73,71.97,114.09,-13.28,2.32
Kilindoni,0,TZ,1553611739,94,-7.91,39.67,30.07,4.52
Saint-Augustin,0,FR,1553611689,33,44.83,-0.61,18.89,6.7
Inongo,0,CD,1553611739,85,-1.93,18.29,27.57,0.87
Iraucuba,44,BR,1553611739,87,-3.75,-39.78,28.87,1.77
Gunjur,0,GM,1553608800,51,13.18,-16.76,27.0,1.5
Mangai,36,CD,1553611740,66,-4.07,19.59,30.97,1.22
Charleston,1,US,1553611610,43,38.35,-81.63,5.0,2.1
Sarkand,0,KZ,1553611741,75,45.41,79.91,7.02,2.52
Kidal,0,ML,1553611741,17,18.44,1.41,36.72,5.82
Brae,75,GB,1553610000,93,60.4,-1.35,10.0,9.3
Kodiak,90,US,1553611724,70,39.95,-94.76,8.33,3.6
Binga,0,ZW,1553611741,42,-17.62,27.34,33.62,2.12
Koupela,76,BF,1553611742,80,12.18,-0.35,30.87,2.42
Deputatskiy,20,RU,1553611742,25,69.3,139.9,-27.93,1.22
Manicaragua,40,CU,1553608320,73,22.14,-79.97,26.0,2.6
Albany,1,US,1553611742,29,42.65,-73.75,2.78,4.1
Birjand,90,IR,1553608800,72,32.86,59.22,16.0,3.1
Ngunguru,24,NZ,1553611084,94,-35.62,174.5,12.78,7.07
Methoni,40,GR,1553611530,48,36.82,21.7,19.0,2.1
Cherskiy,80,RU,1553611746,71,68.75,161.3,-13.13,6.82
Mayor Pablo Lagerenza,0,PY,1553611746,63,-19.93,-60.77,31.72,4.17
Merauke,32,ID,1553611746,94,-8.49,140.4,26.77,2.87
Black River,20,JM,1553611621,69,18.03,-77.85,28.33,2.6
Naze,12,NG,1553611746,71,5.43,7.07,33.57,1.92
Broken Hill,0,AU,1553608800,62,-31.97,141.45,14.0,3.1
Adwa,0,ET,1553611747,15,14.16,38.9,27.47,3.47
Faanui,68,PF,1553611750,100,-16.48,-151.75,27.67,3.97
Volchansk,64,RU,1553611750,64,59.94,60.08,1.47,5.22
Mashhad,90,IR,1553610600,100,36.3,59.61,9.0,5.1
Shingu,0,JP,1553611751,100,33.72,135.99,13.32,9.12
Peterhead,0,AU,1553611740,77,-34.83,138.5,15.0,3.1
Matara,90,PE,1553608800,93,-13.74,-72.9,10.0,0.77
Rundu,88,NA,1553611752,18,-17.91,19.77,33.82,4.12
Lowicz,75,PL,1553611752,81,52.11,19.95,5.0,8.7
Murray Bridge,24,AU,1553611740,92,-35.12,139.28,14.44,1.47
Borba,0,PT,1553608800,31,38.81,-7.46,26.0,8.2
Benidorm,0,ES,1553611470,63,38.54,-0.13,17.78,11.3
New Norfolk,20,AU,1553611696,62,-42.78,147.06,11.11,3.6
Arraial do Cabo,20,BR,1553608800,62,-22.97,-42.02,30.0,1.0
Strezhevoy,0,RU,1553608800,51,60.73,77.6,4.0,7.0
Acapulco,5,MX,1553607900,78,16.86,-99.88,25.0,1.82
Bayburt,92,TR,1553611753,58,40.26,40.22,6.47,0.37
Buala,48,SB,1553611754,97,-8.15,159.59,27.02,1.67
Leningradskiy,32,RU,1553611754,83,69.38,178.42,-5.83,8.87
Garissa,8,KE,1553611754,30,-0.46,39.64,36.67,4.02
Ayagoz,0,KZ,1553611754,80,47.96,80.43,-4.73,1.97
Hertford,75,GB,1553611743,50,51.8,-0.08,13.89,5.7
Mitrofanovka,36,UA,1553611755,71,45.45,34.68,12.17,2.17
Merced,90,US,1553611634,100,37.3,-120.48,12.22,4.1
East Wenatchee Bench,1,US,1553611610,86,47.43,-120.28,5.0,1.27
Zabol,75,IR,1553608800,32,31.03,61.49,28.0,2.1
Susanville,90,US,1553611362,86,40.42,-120.65,4.0,3.6
Tasiilaq,75,GL,1553608200,63,65.61,-37.64,-2.0,5.7
Hithadhoo,88,MV,1553611758,100,-0.6,73.08,29.07,1.77
Saurimo,64,AO,1553611758,74,-9.66,20.4,25.57,1.72
Singkang,75,MY,1553608800,94,2.1,102.8,25.0,1.0
Kedrovyy,0,RU,1553608800,79,56.17,91.82,-3.0,1.52
Verkhnevilyuysk,36,RU,1553611759,66,63.45,120.31,-16.43,1.17
Roald,75,NO,1553611601,75,62.58,6.12,6.0,5.7
Sinait,0,PH,1553611759,81,17.87,120.46,22.92,2.27
Robertson,80,ZA,1553611759,55,-33.8,19.88,19.17,1.22
Skelleftea,0,SE,1553610000,34,64.75,20.95,2.0,2.6
Pondicherry,0,ZA,1553611691,56,-34.04,18.35,22.0,7.2
Calvinia,20,ZA,1553611760,16,-31.47,19.78,28.32,1.67
Taixing,20,CN,1553611720,60,32.17,120.02,16.11,1.34
Ginda,0,IN,1553611761,100,30.69,78.49,5.72,0.82
Kamiiso,64,JP,1553611761,67,41.82,140.65,0.42,4.77
Ormond Beach,40,US,1553611587,73,29.29,-81.06,23.89,3.6
Mangit,76,UZ,1553608800,65,40.6,70.96,21.0,2.1
Kapaa,90,US,1553611614,78,22.08,-159.32,23.0,6.2
Castro,0,CL,1553608800,67,-42.48,-73.76,15.0,4.6
Avarua,56,CK,1553608800,100,-21.21,-159.78,25.0,1.0
Hualmay,12,PE,1553611734,73,-11.1,-77.61,23.32,1.97
Thompson,40,CA,1553608800,62,55.74,-97.86,-5.0,3.1
Moose Factory,1,CA,1553608800,44,51.26,-80.61,-8.0,6.2
Ribeira Grande,20,PT,1553610600,77,38.52,-28.7,18.0,3.6
Hobart,20,AU,1553611696,62,-42.88,147.33,11.11,3.6
Beringovskiy,36,RU,1553611765,87,63.05,179.32,-0.93,15.12
Atuona,56,PF,1553611765,100,-9.8,-139.03,27.37,6.07
Bodden Town,40,KY,1553608804,78,19.28,-81.25,28.0,2.6
Ko Samui,20,TH,1553608800,79,9.54,99.94,29.0,4.6
Gao,8,ML,1553611766,13,16.28,-0.04,39.22,7.42
Aksu,0,KZ,1553608800,85,52.04,76.93,3.0,6.0
Filadelfia,8,PY,1553611770,79,-22.35,-60.04,27.87,4.57
Port Hedland,0,AU,1553608800,94,-20.31,118.58,27.0,1.67
Novoleushkovskaya,0,RU,1553611517,66,45.99,39.99,13.89,1.52
Pedernales,36,EC,1553611770,76,0.07,-80.05,27.47,2.07
Goba,20,ET,1553611770,82,7.01,39.97,17.72,2.12
Ancud,0,CL,1553608800,67,-41.87,-73.83,15.0,4.6
Georgetown,76,GY,1553611675,63,6.8,-58.16,29.12,3.47
Chase,1,US,1553611740,38,43.89,-85.64,3.33,1.72
Polunochnoye,24,RU,1553611771,74,60.87,60.43,0.97,6.12
Goderich,0,CA,1553611733,84,43.74,-81.71,0.56,1.97
Ponta do Sol,32,BR,1553611772,67,-20.63,-46.0,28.22,2.57
Iranshahr,48,IR,1553608800,19,27.21,60.69,30.0,6.2
Port-Gentil,40,GA,1553608800,74,-0.72,8.78,31.0,6.2
Kieta,76,PG,1553611773,100,-6.22,155.63,25.82,0.92
Mul,0,IN,1553611773,65,20.07,79.68,26.97,1.47
Kpandae,0,GH,1553611773,46,8.46,-0.01,36.52,3.07
